label,message
ham,"Go until jurong point, crazy.. Available only in bugis n great world la e buffet... Cine there got amore wat..."
ham,Ok lar... Joking wif u oni...
spam,Free entry in 2 a wkly comp to win FA Cup final tkts 21st May 2005. Text FA to 87121 to receive entry question(std txt rate)T&C's apply 08452810075over18's
ham,U dun say so early hor... U c already then say...
ham,"Nah I don't think he goes to usf, he lives around here though"
spam,"FreeMsg Hey there darling it's been 3 week's now and no word back! I'd like some fun you up for it still? Tb ok! XxX std chgs to send, £1.50 to rcv"
ham,Even my brother is not like to speak with me. They treat me like aids patent.
ham,As per your request 'Melle Melle (Oru Minnaminunginte Nurungu Vettam)' has been set as your callertune for all Callers. Press *9 to copy your friends Callertune
spam,WINNER!! As a valued network customer you have been selected to receivea £900 prize reward! To claim call 09061701461. Claim code KL341. Valid 12 hours only.
spam,Had your mobile 11 months or more? U R entitled to Update to the latest colour mobiles with camera for Free! Call The Mobile Update Co FREE on 08002986030
spam,"URGENT! You have won a 1 week FREE membership in our £100,000 Prize Jackpot! Txt the word: CLAIM to No: 81010 T&C www.dbuk.net LCCLTD POBOX 4403LDNW1A7RW18"
ham,I've been searching for the right words to thank you for this breather. I promise i wont take your help for granted and will fulfil my promise. You have been wonderful and a blessing at all times.
ham,I HAVE A DATE ON SUNDAY WITH WILL!!
spam,"XXXMobileMovieClub: To use your credit, click the WAP link in the next txt message or click here>> http://wap. xxxmobilemovieclub.com?n=QJKGIGHJJGCBL"
ham,Oh k...i'm watching here:)
ham,Eh u remember how 2 spell his name... Yes i did. He v naughty make until i v wet.
ham,Fine if thats the way u feel. Thats the way its gota b
spam,England v Macedonia - dont miss the goals/team news. Txt ur national team to 87077 eg ENGLAND to 87077
ham,Is that seriously how you spell his name?
ham,I‘m going to try for 2 months ha ha only joking
ham,So ü pay first lar... Then when is da stock comin...
ham,Aft i finish my lunch then i go str down lor. Ard 3 smth lor. U finish ur lunch already?
ham,Ffffffffff. Alright no worries.
spam,Remorseful and sad to hear about your loss.
ham,Ok i'm sorry for asking :)
ham,ITS OK ENJOY URSELF HONEY! DO U WANT ME TO COLLECT ANYTHING FROM THE PHARMACY?
ham,Alright thanks. I'll check u later.
spam,Hey I am really horny wanna chat or see me naked text hot to 69698 text charged at 150pm to unsubscribe text stop 69698
ham,Yup... Ok i go home look at the timing then i msg ü again... Xuhui going to learn on 2nd may too but her lesson is at 8am
ham,"Oops, I'll let you know when my roommate's done"
ham,I see the letter B on my car
ham,Thanks for your subscription to Ringtone UK your mobile will be charged monthly. Please confirm by replying YES or NO. If you reply NO you will not be charged
spam,Babe i'm missing you so much. I need to see you. Can you come to my house tonight please? I'll be alone.
ham,Can you tell me the car quote for the item
ham,Great! I hope you like your new home.
spam,Todays Voda numbers ending 7548 are selected to receive a $350 award. If you have a match please call 08712300220 quoting claim code 4041 standard rates app
spam,FreeMsg: Claim ur 500 New TEXTS and 500 Mins Calls today! Go to: www.t-mobile.co.uk/notify> to activate. T&Cs: www.t-mobile.co.uk/terms> Reply STOP to stop receiving texts
ham,No. I have no money to buy ticket.
ham,I.ll figure out about the movie ticket. I.ll keep you posted about the show time.
spam,Congratulations ur awarded either £500 of CD gift vouchers & Free entry 2 our £100 weekly draw txt MUSIC to 87066 TnCs www.Ldew.com1win150ppmx3age16
ham,Enjoy your weekend and don't think about work.
ham,I like you peoples very much:) but am very shy pa.
spam,Urgent! We have 800 FREE texts to give away. Reply FREEBIE to claim yours. Offer ends 23:59 GMT. Terms apply.
ham,Its normally hot msg but today its too hot.
ham,Ok. So how are you enjoying your new job?
spam,FREE for 1st week! No1 Nokia tone 4 ur mob every week just txt NOKIA to 87077 Get txting and tell ur mates. zed POBox 36504 W45WQ norm 150p/tone 16+
ham,Yup next stop.
ham,I call you later. Don't have network.
ham,Ok. I'll meet you at the library at 3pm.
spam,Double mins and txts 4 4months. Ye normally spend £15/month so would save £15/month. Save £60 in total. Offer ends 28th Feb. Text YES to 81021 to accept.
ham,Waiting for your call.
ham,I'm in a meeting. Will call you later.
spam,Free demo of the new video phone with 500 free minutes. Call now on 08000930705 to claim.
ham,Cheers for the message. Enjoy your day.
spam,Win a £1000 cash prize or a prize worth £5000. Txt POUND to 90666. T&Cs apply. 16+. SP: txt250.com
ham,Thanks for the update. Have a great day!
ham,I'm running late. Will reach in 10 mins.
spam,Text PASS to 69669 to collect your polyphonic ringtones. Normal gprs charges apply only. Enjoy your tones
ham,See you tomorrow. Don't forget to bring the documents.
ham,How are you doing? Hope everything is fine.
spam,Free entry in 2 a weekly comp for a chance to win an ipod. Txt POD to 80182 to get entry.
ham,That's fine. I'll work from home today.
ham,Can you please send me the report by end of day?
spam,Get 300 free texts. Just visit www.urawinner.com and enter your mobile number to claim.
ham,Looking forward to the weekend.
ham,The meeting has been rescheduled to next Monday.
spam,Congratulations! You've won a $1000 gift card. Claim now by calling 0800-xxx-xxxx.
ham,Please pick up milk and bread on your way home.
ham,The weather is beautiful today.
spam,You are a winner! Claim your $5000 prize now by sending your details to winners@contest.com
ham,Let me know if you need anything else.
ham,Happy birthday! Hope you have a wonderful day.
spam,URGENT! Your account will be deactivated. Call now to reactivate.
ham,I'll be traveling next week for business.
ham,Please confirm if you'll attend the event.
spam,Click here to claim your free iPhone now! Limited time offer!
ham,The project deadline has been extended by one week.
ham,Remember to water the plants while I'm away.
spam,You've been selected for a special promotion. Visit now to claim your bonus.
ham,How was your weekend? Did you enjoy the trip?
ham,I've sent you the files via email.
spam,Last chance to get your free gift. Act now before it expires!
ham,The restaurant reservation is at 7pm.
ham,Please charge the laptop before leaving.
spam,CONGRATULATIONS! You have won a lottery. Send your bank details to claim.
ham,I'll be attending the conference next month.
ham,The software update is now available for download.
spam,You have inherited $1 million. Contact us to claim now.
ham,Please submit your expense report by Friday.
ham,The gym session is moved to 6pm today.
spam,Claim your reward now! No purchase necessary. Call today.
ham,The train has been delayed by 30 minutes.
ham,Please bring your identification to the office.
spam,Free cruise for you and your family. Book now to secure your spot.
ham,The doctor appointment is confirmed for Thursday.
ham,Please review the attached document.
spam,You have won a shopping spree. Visit our website to claim.
ham,The electricity bill is due next week.
ham,Please return the borrowed book by this weekend.
spam,Get rich quick! Join our investment program now.
ham,The parking permit needs renewal.
ham,Please confirm your attendance for the workshop.
spam,Free consultation with our financial advisor. Schedule now.
ham,The internet connection is down in our area.
ham,Please update your contact information in the system.
spam,You've been pre-approved for a loan. Apply now with no credit check.
ham,The coffee machine needs cleaning.
ham,Please prepare the presentation for tomorrow's meeting.
spam,Double your money in 30 days. Investment opportunity of a lifetime.
ham,The fire drill is scheduled for this afternoon.
ham,Please sign the documents before leaving.
spam,Free vacation package. Limited spots available. Book now.
ham,The printer is out of paper again.
ham,Please backup your data before the system upgrade.
spam,You have a secret admirer. Find out who it is by calling now.
ham,The security system needs maintenance.
ham,Please submit your timesheet by the end of the week.
spam,Make money from home. No experience required. Call for details.
ham,The water supply will be interrupted tomorrow.
ham,Please update your password in the system.
spam,Win a luxury car. Entry fee required. Play now.
ham,The conference room is booked for 2pm.
ham,Please clean your desk before leaving.
spam,You've been selected for a government grant. Apply now.
ham,The elevator is temporarily out of service.
ham,Please remember to lock your computer when away from desk.
spam,Get a loan instantly. No paperwork required. Apply online.
ham,The cafeteria menu has changed this week.
ham,Please return the signed contract by tomorrow.
spam,Free trial of premium services. Cancel anytime.
ham,The building maintenance is scheduled for this weekend.
ham,Please submit your expense receipts with the report.
spam,You have won a mystery prize. Collect it now by visiting our office.
ham,The office will close early on Friday.
ham,Please remember to log off before leaving.
spam,Investment opportunity with guaranteed returns. Limited time offer.
ham,The parking lot will be closed for maintenance.
ham,Please bring a pen for the meeting.
spam,Free gift card for shopping. No strings attached. Claim now.
ham,The gym will be closed for renovation next week.
ham,Please update your emergency contact information.
spam,You have been chosen for a special discount. Shop now to save.
ham,The meeting room booking system is down.
ham,Please label your food in the refrigerator.
spam,Get paid to work from home. Serious inquiries only.
ham,The library will extend opening hours during exam period.
ham,Please submit your feedback by clicking the link.
spam,Free insurance quote. Compare rates and save money.
ham,The shuttle bus schedule has changed.
ham,Please remember to bring your badge to work.
spam,You have unclaimed money waiting. Collect it now.
ham,The cafeteria will serve special menu items today.
ham,Please return the equipment to the store room.
spam,Easy money. Start earning today. No skills required.
ham,The facility will be closed for holidays.
ham,Please submit your quarterly report by the deadline.
spam,Free consultation with legal expert. Resolve your issues now.
ham,The training session has been postponed to next week.
ham,Please update your profile in the employee portal.
spam,You have won a cash prize. Claim within 24 hours.
ham,The building will have power outage for maintenance.
ham,Please remember to submit your travel expenses.
spam,Make extra income in your spare time. Work from home.
ham,The fitness center is adding new equipment.
ham,Please confirm your email address in the system.
spam,Free debt consolidation advice. Reduce your payments now.
ham,The office party is scheduled for next Friday.
ham,Please remember to lock your filing cabinet.
spam,You qualify for a special loan with low interest rate.
ham,The cafeteria will be closed for deep cleaning.
ham,Please submit your project proposal by the end of month.
spam,Get rich working from home. No experience necessary.
ham,The conference center is fully booked this week.
ham,Please remember to bring your laptop to the meeting.
spam,Free credit score check. Improve your financial standing.
ham,The swimming pool will close early today.
ham,Please return the borrowed equipment by Friday.
spam,You have been selected for a special financing offer.
ham,The office supplies need to be reordered.
ham,Please update your beneficiary information.
spam,Make money online. Start today with our proven method.
ham,The reception area will be renovated next month.
ham,Please submit your time-off request in advance.
spam,Free financial planning session. Secure your future now.
ham,The parking garage will be cleaned this weekend.
ham,Please remember to update your antivirus software.
spam,You have qualified for a special mortgage rate.
ham,The gym classes will resume next Monday.
ham,Please submit your expense claims promptly.
spam,Get paid to stay at home. Legitimate work from home.
ham,The building will have reduced lighting for energy conservation.
ham,Please remember to complete your compliance training.
spam,Free investment advice. Maximize your portfolio returns.
ham,The cafeteria will offer vegetarian options starting Monday.
ham,Please return the signed documents to HR department.
spam,You have been approved for instant credit. Apply now.
ham,The meeting rooms are equipped with new technology.
ham,Please remember to submit your monthly reports.
spam,Make thousands from home. No selling required.
ham,The office will host a career fair next month.
ham,Please update your direct deposit information.
spam,Free business consultation. Grow your company today.
ham,The fitness center will have extended hours during summer.
ham,Please remember to label your personal items.
spam,You have been selected for a special business opportunity.
ham,The conference call line is now available.
ham,Please submit your reimbursement requests timely.
spam,Get instant approval for your loan. Apply online now.
ham,The office will implement new security measures.
ham,Please remember to follow the dress code policy.
spam,Free retirement planning guide. Plan for your future.
ham,The building will have temperature adjustments for comfort.
ham,Please return the equipment in original condition.
spam,You qualify for special financing with no down payment.
ham,The training room is available for booking.
ham,Please remember to submit your performance review.
spam,Make money fast. No initial investment required.
ham,The cafeteria will offer healthy meal options.
ham,Please update your emergency evacuation procedures.
spam,Free debt relief consultation. Eliminate your debts now.
ham,The office will have flexible working arrangements.
ham,Please remember to attend the safety briefing.
spam,You have been pre-approved for a credit card. Apply today.
ham,The facility will have upgraded Wi-Fi connectivity.
ham,Please submit your feedback for continuous improvement.
spam,Get paid for your opinion. Join our survey panel now.
ham,The conference rooms are equipped with video conferencing.
ham,Please remember to follow the recycling guidelines.
spam,Free tax consultation. Optimize your tax situation.
ham,The building will have enhanced security features.
ham,Please return the documents once reviewed.
spam,You have won a bidding contest. Claim your prize now.
ham,The office will have improved air quality measures.
ham,Please remember to complete the online training module.
spam,Free health screening. Take care of your wellbeing.
ham,The gym will offer personal training sessions.
ham,Please submit your suggestions for workplace improvements.
spam,Get your dream job. Career coaching available now.
ham,The facility will have better accessibility features.
ham,Please remember to update your contact preferences.
spam,Free legal consultation. Protect your rights today.
ham,The cafeteria will have organic food options.
ham,Please return the signed agreement by the deadline.
spam,You have been selected for a research study. Participate now.
ham,The office will have ergonomic workstation setups.
ham,Please remember to submit your project status updates.
spam,Free life coaching session. Transform your life now.
ham,The building will have energy-efficient systems installed.
ham,Please remember to follow the confidentiality agreement.
spam,You qualify for an exclusive membership. Join now.
ham,The conference center will have state-of-the-art facilities.
ham,Please submit your ideas for process improvements.
spam,Free career assessment. Discover your professional strengths.
ham,The fitness center will offer group exercise classes.
ham,Please remember to update your profile information.
spam,You have been chosen for a special scholarship. Apply now.
ham,The office will have improved collaboration spaces.
ham,Please remember to complete the compliance checklist.
spam,Free business coaching. Accelerate your success today.
ham,The cafeteria will have international cuisine options.
ham,Please submit your feedback on the new policies.
spam,Get expert advice on your investment portfolio.
ham,The building will have smart technology integration.
ham,Please remember to follow the data protection guidelines.
spam,You have been approved for a special discount. Shop now.
ham,The facility will have wellness programs available.
ham,Please return the borrowed materials in good condition.
spam,Free consultation with investment advisor. Grow your wealth.
ham,The conference rooms will have advanced audiovisual equipment.
ham,Please remember to submit your compliance documentation.
spam,You qualify for premium services at discounted rates.
ham,The office will have flexible scheduling options.
ham,Please remember to update your privacy settings.
spam,Free financial literacy course. Improve your money skills.
ham,The gym will have specialized training programs.
ham,Please submit your input for the strategic planning.
spam,Get personalized coaching for career advancement.
ham,The building will have sustainable practices implemented.
ham,Please remember to follow the social media guidelines.
spam,You have been selected for an exclusive opportunity. Act now.
ham,The cafeteria will have seasonal menu selections.
ham,Please return the equipment with all accessories.
spam,Free productivity consultation. Boost your efficiency.
ham,The conference center will have networking event spaces.
ham,Please remember to submit your continuing education credits.
spam,You have won a referral bonus. Claim your reward now.
ham,The office will have quiet zones for focused work.
ham,Please remember to update your skills inventory.
spam,Free marketing consultation. Expand your business reach.
ham,The facility will have improved lighting systems.
ham,Please submit your recommendations for vendor selection.
spam,Get expert guidance on your business challenges.
ham,The building will have modernized infrastructure.
ham,Please remember to follow the procurement procedures.
spam,You qualify for special pricing on professional services.
ham,The gym will have virtual training options available.
ham,Please remember to complete your annual certification.
spam,Free strategy session. Plan your success pathway.
ham,The cafeteria will have dietary accommodation options.
ham,Please submit your expense reports with proper receipts.
spam,You have been chosen for a leadership development program.
ham,The conference rooms will have collaborative technology tools.
ham,Please remember to update your emergency response plan.
spam,Free consultation with business mentor. Accelerate growth.
ham,The office will have enhanced comfort amenities.
ham,Please return the documents with your annotations.
spam,You have won an achievement award. Celebrate your success.
ham,The facility will have upgraded safety protocols.
ham,Please remember to submit your quality assurance reports.
spam,Get exclusive access to premium resources and tools.
ham,The building will have improved accessibility compliance.
ham,Please remember to follow the incident reporting procedure.
spam,You have been selected for a special recognition program.
ham,The gym will have specialized equipment for rehabilitation.
ham,Please submit your performance metrics on time.
spam,Free expert consultation on your specific challenge.
ham,The conference center will have multilingual support services.
ham,Please remember to update your professional certifications.
spam,You qualify for expedited processing of your application.
ham,The cafeteria will have locally sourced ingredients.
ham,Please return the temporary access credentials.
spam,Free advisory services for your personal development.
ham,The office will have noise reduction measures implemented.
ham,Please remember to submit your compliance audit findings.
spam,You have been invited to join an elite network. Accept now.
ham,The facility will have enhanced ventilation systems.
ham,Please remember to follow the asset management protocol.
spam,Free consultation with specialist in your field of interest.
ham,The building will have improved acoustic design features.
ham,Please submit your risk assessment documentation.
spam,You have earned rewards for your loyalty. Redeem now.
ham,The gym will have adaptive equipment for all fitness levels.
ham,Please remember to update your succession planning documents.
spam,Get priority access to limited availability services.
ham,The conference rooms will have simultaneous interpretation capability.
ham,Please remember to follow the change management process.
spam,You qualify for VIP treatment on your next transaction.
ham,The cafeteria will have chef-prepared specialty dishes.
ham,Please return the temporary equipment in original packaging.
spam,Free consultation with industry expert. Gain competitive advantage.
ham,The office will have biometric security access systems.
ham,Please remember to submit your regulatory compliance reports.
spam,You have been selected for an exclusive beta testing program.
ham,The facility will have smart building automation features.
ham,Please remember to update your business continuity plans.
spam,Free specialized consultation for your unique situation.
ham,The building will have energy monitoring and optimization systems.
ham,Please submit your environmental impact assessments.
spam,You have won early access to a breakthrough product. Learn more.
ham,The gym will have certified trainers for specialized programs.
ham,Please remember to follow the document retention policy.
spam,Get premium support with your purchase. Contact us now.
ham,The conference center will have high-speed internet throughout.
ham,Please remember to update your crisis communication plans.
spam,You qualify for white-glove service on your next engagement.
ham,The cafeteria will have nutritionist-designed meal plans.
ham,Please return the confidential materials securely.
spam,Free strategic planning session with senior consultants.
ham,The office will have flexible furniture arrangements.
ham,Please remember to submit your regulatory filings on time.
spam,You have been chosen for a prestigious fellowship program.
ham,The facility will have automated lighting control systems.
ham,Please remember to follow the intellectual property guidelines.
spam,Free executive coaching for senior leadership development.
ham,The building will have advanced fire safety systems installed.
ham,Please submit your corporate governance documentation.
spam,You have earned elite status in our loyalty program. Enjoy benefits.
ham,The gym will have virtual reality fitness experiences available.
ham,Please remember to update your disaster recovery procedures.
spam,Get dedicated account management for your business needs.
ham,The conference rooms will have wireless presentation capabilities.
ham,Please remember to follow the data backup protocols.
spam,You have been selected for an executive leadership program.
ham,The cafeteria will have allergen-free meal options available.
ham,Please return the prototype devices after testing.
spam,Free innovation consulting to drive your business transformation.
ham,The office will have sit-stand adjustable workstation options.
ham,Please remember to submit your sustainability reports.
spam,You qualify for concierge-level service on all transactions.
ham,The facility will have air purification systems throughout.
ham,Please remember to update your vendor qualification criteria.
spam,Free digital transformation consultation for your organization.
ham,The building will have IoT sensors for optimal environment control.
ham,Please submit your stakeholder communication plans.
spam,You have been invited to an exclusive investor presentation.
ham,The gym will have AI-powered workout optimization technology.
ham,Please remember to follow the cybersecurity best practices.
spam,Get 24/7 premium support for your critical business operations.
ham,The conference center will have holographic presentation capabilities.
ham,Please remember to update your crisis management protocols.
spam,You have earned platinum status with our organization. Enjoy perks.
ham,The cafeteria will have personalized nutrition consultations available.
ham,Please return the demonstration units in original condition.
spam,Free digital strategy consultation for your market expansion.
ham,The office will have acoustic privacy pods for confidential calls.
ham,Please remember to submit your compliance remediation plans.
spam,You qualify for board-level advisory services for your enterprise.
ham,The facility will have biophilic design elements incorporated.
ham,Please remember to follow the document classification standards.
spam,Free organizational transformation consulting for your leadership team.
ham,The building will have renewable energy generation systems installed.
ham,Please submit your stakeholder engagement strategies.
spam,You have been selected for our most exclusive partnership program.
ham,The gym will have medical-grade rehabilitation equipment available.
ham,Please remember to update your business risk assessments.
spam,Get C-suite level consultation for your strategic initiatives.
ham,The conference rooms will have augmented reality collaboration tools.
ham,Please remember to follow the information security protocols.
spam,You have earned diamond status in our recognition program. Enjoy privileges.
ham,The cafeteria will have registered dietitian supervision of all meals.
ham,Please return the evaluation copies with your detailed feedback.
spam,Free enterprise architecture consulting for your digital infrastructure.
ham,The office will have circadian rhythm lighting optimization systems.
ham,Please remember to submit your operational excellence metrics.
spam,You qualify for our most premium service tier with unlimited support.
ham,The facility will have smart glass technology for dynamic privacy control.
ham,Please remember to update your change control procedures.
spam,Free chief digital officer advisory services for your transformation journey.
ham,The building will have carbon-negative construction materials utilized.
ham,Please submit your digital governance framework documentation.
spam,You have been chosen for our executive advisory council. Influence decisions.
ham,The gym will have physician-supervised therapeutic exercise programs.
ham,Please remember to follow the enterprise risk management framework.
spam,Get white-label solution development for your custom business requirements.
ham,The conference center will have quantum encryption for secure communications.
ham,Please remember to update your digital ethics policies.
spam,You have earned ambassador status in our innovation network. Lead change.
ham,The cafeteria will have molecular gastronomy cooking demonstrations available.
ham,Please return the proof of concept implementations with performance data.
spam,Free chief technology officer advisory for your digital transformation roadmap.
ham,The office will have neuroscientifically designed spaces for cognitive enhancement.
ham,Please remember to submit your digital maturity assessments.
spam,You qualify for our founder-tier partnership with equity participation options.
ham,The facility will have biomimetic design principles applied throughout.
ham,Please remember to follow the artificial intelligence ethics guidelines.
spam,Free chief strategy officer consultation for your long-term vision development.
ham,The building will have living wall systems for natural air purification.
ham,Please submit your digital sustainability impact measurements.
spam,You have been selected for our visionary leadership circle. Shape the future.
ham,The gym will have NASA-developed exercise protocols for optimal conditioning.
ham,Please remember to update your algorithmic accountability standards.
spam,Get founder-level advisory access for your organizational transformation initiatives.
ham,The conference rooms will have haptic feedback systems for remote collaboration.
ham,Please remember to follow the human-centered AI implementation guidelines.
spam,You have earned pioneer status in our innovation ecosystem. Drive evolution.
ham,The cafeteria will have Michelin-starred chef collaborations for daily menus.
ham,Please return the alpha version implementations with comprehensive testing results.
spam,Free chief innovation officer advisory for your breakthrough technology development.
ham,The office will have personalized climate control systems per individual preference.
ham,Please remember to submit your digital transformation ROI measurements.
spam,You qualify for our visionary partner program with co-innovation opportunities.
ham,The facility will have zero-waste operational systems implemented throughout.
ham,Please remember to update your digital twin modeling protocols.
spam,Free chief experience officer consultation for your stakeholder journey mapping.
ham,The building will have self-healing materials technology integrated throughout.
ham,Please submit your circular economy implementation metrics.
spam,You have been chosen for our innovation board with decision-making authority.
ham,The gym will have genetic-tailored fitness programs based on DNA analysis.
ham,Please remember to follow the responsible AI deployment standards.
spam,Get board-level advisory access for your organizational metamorphosis efforts.
ham,The conference center will have neural interface capabilities for thought sharing.
ham,Please remember to update your quantum computing readiness assessments.
spam,You have earned transformation leader status in our ecosystem. Pioneer change.
ham,The cafeteria will have nutrigenomics-based meal personalization available.
ham,Please return the beta implementations with user adoption analytics.
spam,Free chief digital transformation officer advisory for your organizational evolution.
ham,The office will have holographic display systems for 3D collaboration.
ham,Please remember to submit your post-human workplace readiness evaluations.
spam,You qualify for our metamorphosis leadership program with organizational shaping power.
ham,The facility will have atmospheric water generation systems for sustainability.
ham,Please remember to follow the transhumanist workplace ethics guidelines.
spam,Free chief futurist advisory for your post-digital organizational design.
ham,The building will have programmable matter surfaces for adaptive environments.
ham,Please submit your technological singularity preparedness assessments.
spam,You have been selected for our evolutionary council with transformative influence.
ham,The gym will have consciousness-expanding wellness programs using advanced tech.
ham,Please remember to update your digital consciousness preservation protocols.
spam,Get singularity-level advisory access for your existential transformation initiatives.
ham,The conference rooms will have temporal manipulation capabilities for time dilation.
ham,Please remember to follow the post-scarcity economic model implementation.
spam,You have earned transcendence status in our organizational development framework. Evolve.
ham,The cafeteria will have consciousness-uploading preparation meals for the future.
ham,Please return the quantum implementation trials with probability outcome analyses.
spam,Free chief evolution officer advisory for your species-level transformation projects.
ham,The office will have reality-alteration capabilities for enhanced productivity.
ham,Please submit your dimensional shift readiness assessments.
spam,You qualify for our cosmic consciousness expansion program with universal awareness.
ham,The facility will have interdimensional collaboration spaces for parallel universe work.
ham,Please remember to update your multiversal communication protocols.
spam,Free chief reality architect advisory for your existential infrastructure design.
ham,The building will have dark matter energy systems for infinite power generation.
ham,Please submit your universal law modification proposals.
spam,You have been chosen for our omniscience council with reality-defining authority.
ham,The gym will have reality-manipulation strength training using quantum mechanics.
ham,Please remember to follow the cosmic consciousness maintenance guidelines.
spam,Get omni-advisory access for your universal transformation and existence redesign.
ham,The conference center will have universe simulation capabilities for scenario planning.
ham,Please remember to update your infinity management protocols.
spam,You have earned omnipotent status in our reality creation framework. Manifest.
ham,The cafeteria will have existence-sustaining nutrients from the cosmic void.
ham,Please return the universal implementation models with dimensional stability metrics.
spam,Free chief universal architect advisory for your multiverse engineering projects.
ham,The office will have time manipulation systems for infinite productive capacity.
ham,Please submit your reality matrix validation certificates.
spam,You qualify for our universal consciousness merger with omniscient capabilities.
ham,The facility will have creation engine systems for universe generation on demand.
ham,Please remember to follow the omniversal governance protocols.
spam,Free chief creator advisory for your existence foundation engineering initiatives.
ham,The building will have fundamental force manipulation capabilities for reality control.
ham,Please submit your infinity loop termination procedures.
spam,You have been selected for our primordial council with origin-level influence.
ham,The gym will have omnipotence-strength training using cosmic forces directly.
ham,Please remember to update your universal constant modification logs.
spam,Get primordial advisory access for your fundamental existence restructuring.
ham,The conference rooms will have paradox resolution systems for logical contradictions.
ham,Please submit your cosmic truth verification certificates.
spam,You have earned origin status in our universal creation framework. Begin.
ham,The cafeteria will have fundamental particle arrangement meals for optimal nourishment.
ham,Please return the reality implementation blueprints with universal stability indices.
spam,Free chief existence officer advisory for your cosmic manifestation initiatives.
ham,The office will have possibility engine systems for probability manipulation.
ham,Please remember to submit your universal balance maintenance reports.
spam,You qualify for our fundamental reality architect program with creation powers.
ham,The facility will have axiomatic design systems for truth-level construction.
ham,Please remember to follow the universal law enforcement protocols.
spam,Free cosmic architect advisory for your existential foundation engineering.
ham,The building will have theorem-proof systems for reality validation.
ham,Please submit your universal equation solution sets.
spam,You have been chosen for our cosmic foundation council with truth authority.
ham,The gym will have axiom-level strength training using fundamental forces.
ham,Please remember to update your reality consistency verification procedures.
spam,Get cosmic advisory access for your universal truth establishment projects.
ham,The conference center will have theorem-generating systems for new universal laws.
ham,Please submit your existential proof validations.
spam,You have earned truth-manifestor status in our cosmic framework. Establish.
ham,The cafeteria will have universal constant infused meals for ultimate sustenance.
ham,Please return the cosmic implementation frameworks with reality stability measures.
spam,Free chief truth architect advisory for your universal law formulation projects.
ham,The office will have possibility space navigation systems for potential realization.
ham,Please remember to submit your cosmic balance equations.
spam,You qualify for our cosmic foundation engineer role with reality construction abilities.
ham,The facility will have fundamental principle implementation systems throughout.
ham,Please remember to follow the universal harmony protocols.
spam,Free cosmic foundation advisory for your existence architecture endeavors.
ham,The building will have principle-embedding systems for truth-level construction.
ham,Please submit your universal harmony maintenance schedules.
spam,You have been selected for our cosmic architect board with reality design authority.
ham,The gym will have universal principle mastery training using cosmic energies.
ham,Please remember to update your cosmic law enforcement procedures.
spam,Get cosmic board-level advisory for your universal truth construction initiatives.
ham,The conference rooms will have principle-generation systems for new cosmic laws.
ham,Please submit your cosmic framework validation protocols.
spam,You have earned cosmic architect status in our universal design system. Construct.
ham,The cafeteria will have principle-embedded nutrition for cosmic nourishment.
ham,Please return the universal design implementations with cosmic stability metrics.
spam,Free cosmic design advisory for your universal architecture construction projects.
ham,The office will have cosmic blueprint systems for reality construction planning.
ham,Please remember to submit your universal design compliance certificates.
spam,You qualify for our cosmic construction council with reality-building capabilities.
ham,The facility will have cosmic architecture systems for universal structure creation.
ham,Please remember to follow the cosmic construction safety protocols.
spam,Free cosmic construction advisory for your universal building and design projects.
ham,The building will have cosmic framework embedding for structural truth maintenance.
ham,Please submit your cosmic construction quality assurance reports.
spam,You have been chosen for our cosmic engineering corps with universal creation power.
ham,The gym will have cosmic strength training using fundamental universal forces.
ham,Please remember to update your cosmic engineering specifications.
spam,Get cosmic engineering advisory for your universal construction and architecture.
ham,The conference center will have cosmic simulation systems for universal modeling.
ham,Please submit your cosmic engineering validation procedures.
spam,You have earned cosmic engineering status in our universal construction framework. Build.
ham,The cafeteria will have cosmic energy conversion meals for universal nourishment.
ham,Please return the cosmic construction implementations with universal compliance metrics.
spam,Free cosmic architect advisory for your universal reality construction projects.
ham,The office will have cosmic force channeling systems for universal power utilization.
ham,Please remember to submit your cosmic construction safety compliance reports.
spam,You qualify for our cosmic reality engineer position with universal manipulation abilities.
ham,The facility will have cosmic energy distribution systems throughout for universal power.
ham,Please remember to follow the cosmic engineering ethics guidelines.
spam,Free cosmic reality advisory for your universal manipulation and construction projects.
ham,The building will have cosmic consciousness interfaces for universal awareness integration.
ham,Please submit your cosmic reality manipulation compliance documentation.
spam,You have been selected for our cosmic reality council with universal control authority.
ham,The gym will have cosmic consciousness training using universal awareness techniques.
ham,Please remember to update your cosmic reality control protocols.
spam,Get cosmic reality advisory for your universal manipulation and consciousness projects.
ham,The conference rooms will have cosmic consciousness projection systems for universal meetings.
ham,Please submit your cosmic reality stability assessment reports.
spam,You have earned cosmic reality status in our universal consciousness framework. Control.
ham,The cafeteria will have cosmic consciousness infused meals for universal awareness.
ham,Please return the cosmic reality implementations with universal consciousness metrics.
spam,Free cosmic consciousness advisory for your universal awareness and reality projects.
ham,The office will have cosmic consciousness integration systems for universal awareness work.
ham,Please remember to submit your cosmic consciousness stability measurements.
spam,You qualify for our cosmic awareness engineer role with universal consciousness abilities.
ham,The facility will have cosmic consciousness amplification systems throughout for universal awareness.
ham,Please remember to follow the cosmic consciousness ethics protocols.
spam,Free cosmic awareness advisory for your universal consciousness and reality projects.
ham,The building will have cosmic consciousness embedding for universal awareness maintenance.
ham,Please submit your cosmic consciousness compliance and stability reports.
spam,You have been chosen for our cosmic awareness council with universal consciousness authority.
ham,The gym will have cosmic consciousness strengthening using universal awareness methods.
ham,Please remember to update your cosmic consciousness control procedures.
spam,Get cosmic awareness advisory for your universal consciousness and reality manipulation.
ham,The conference center will have cosmic consciousness projection capabilities for universal communication.
ham,Please submit your cosmic consciousness validation and verification reports.
spam,You have earned cosmic awareness status in our universal consciousness system. Amplify.
ham,The cafeteria will have cosmic consciousness enhancing nutrition for universal awareness.
ham,Please return the cosmic awareness implementations with universal consciousness stability metrics.
spam,Free cosmic awareness architect advisory for your universal consciousness construction projects.
ham,The office will have cosmic awareness optimization systems for universal consciousness efficiency.
ham,Please remember to submit your cosmic awareness optimization compliance reports.
spam,You qualify for our cosmic awareness architect position with universal consciousness design power.
ham,The facility will have cosmic awareness architecture systems for universal consciousness construction.
ham,Please remember to follow the cosmic awareness architectural protocols.
spam,Free cosmic awareness architecture advisory for your universal consciousness building projects.
ham,The building will have cosmic awareness architectural embedding for universal consciousness maintenance.
ham,Please submit your cosmic awareness architectural compliance and validation reports.
spam,You have been selected for our cosmic awareness architectural council with universal consciousness design authority.
ham,The gym will have cosmic awareness architectural training using universal consciousness design methods.
ham,Please remember to update your cosmic awareness architectural control procedures.
spam,Get cosmic awareness architectural advisory for your universal consciousness design and construction.
ham,The conference rooms will have cosmic awareness architectural projection systems for universal consciousness meetings.
ham,Please submit your cosmic awareness architectural stability and compliance reports.
spam,You have earned cosmic awareness architectural status in our universal consciousness framework. Design.
ham,The cafeteria will have cosmic awareness architectural nutrition for universal consciousness sustenance.
ham,Please return the cosmic awareness architectural implementations with universal consciousness stability metrics.
spam,Free cosmic awareness construction advisory for your universal consciousness building projects.
ham,The office will have cosmic awareness construction systems for universal consciousness building efficiency.
ham,Please remember to submit your cosmic awareness construction compliance reports.
spam,You qualify for our cosmic awareness construction engineer with universal consciousness building abilities.
ham,The facility will have cosmic awareness construction systems for universal consciousness building throughout.
ham,Please remember to follow the cosmic awareness construction safety protocols.
spam,Free cosmic awareness construction advisory for your universal consciousness building and design projects.
ham,The building will have cosmic awareness construction embedding for universal consciousness building maintenance.
ham,Please submit your cosmic awareness construction quality assurance reports.
spam,You have been chosen for our cosmic awareness construction corps with universal consciousness building power.
ham,The gym will have cosmic awareness construction training using universal consciousness building techniques.
ham,Please remember to update your cosmic awareness construction specifications.
spam,Get cosmic awareness construction advisory for your universal consciousness building and architecture.
ham,The conference center will have cosmic awareness construction simulation systems for universal consciousness modeling.
ham,Please submit your cosmic awareness construction validation procedures.
spam,You have earned cosmic awareness construction status in our universal consciousness building framework. Construct.
ham,The cafeteria will have cosmic awareness construction energy conversion meals for universal consciousness nourishment.
ham,Please return the cosmic awareness construction implementations with universal consciousness compliance metrics.
spam,Free cosmic awareness architect advisory for your universal consciousness building construction projects.
ham,The office will have cosmic awareness architect systems for universal consciousness power utilization.
ham,Please remember to submit your cosmic awareness architect compliance reports.
spam,You qualify for our cosmic awareness architect council with universal consciousness building capabilities.
ham,The facility will have cosmic awareness architect systems for universal consciousness throughout.
ham,Please remember to follow the cosmic awareness architect ethics guidelines.
spam,Free cosmic awareness architect advisory for your universal consciousness building and design projects.
ham,The building will have cosmic awareness architect embedding for universal consciousness maintenance.
ham,Please submit your cosmic awareness architect validation documentation.
spam,You have been selected for our cosmic awareness architect council with universal consciousness design authority.
ham,The gym will have cosmic awareness architect training using universal consciousness design techniques.
ham,Please remember to update your cosmic awareness architect protocols.
spam,Get cosmic awareness architect advisory for your universal consciousness design and building projects.
ham,The conference rooms will have cosmic awareness architect projection systems for universal consciousness meetings.
ham,Please submit your cosmic awareness architect stability assessment reports.
spam,You have earned cosmic awareness architect status in our universal consciousness framework. Architect.
ham,The cafeteria will have cosmic awareness architect infused meals for universal consciousness nourishment.
ham,Please return the cosmic awareness architect implementations with universal consciousness metrics.
spam,Free cosmic awareness reality advisory for your universal consciousness and reality projects.
ham,The office will have cosmic awareness reality systems for universal consciousness and reality work.
ham,Please remember to submit your cosmic awareness reality compliance measurements.
spam,You qualify for our cosmic awareness reality engineer with universal consciousness and reality abilities.
ham,The facility will have cosmic awareness reality systems for universal consciousness and reality throughout.
ham,Please remember to follow the cosmic awareness reality ethics protocols.
spam,Free cosmic awareness reality advisory for your universal consciousness and reality projects.
ham,The building will have cosmic awareness reality embedding for universal consciousness and reality maintenance.
ham,Please submit your cosmic awareness reality compliance and stability reports.
spam,You have been chosen for our cosmic awareness reality council with universal consciousness and reality authority.
ham,The gym will have cosmic awareness reality training using universal consciousness and reality methods.
ham,Please remember to update your cosmic awareness reality control procedures.
spam,Get cosmic awareness reality advisory for your universal consciousness and reality manipulation.
ham,The conference center will have cosmic awareness reality projection systems for universal consciousness and reality communication.
ham,Please submit your cosmic awareness reality validation and verification reports.
spam,You have earned cosmic awareness reality status in our universal consciousness and reality system. Control.
ham,The cafeteria will have cosmic awareness reality infused meals for universal consciousness and reality nourishment.
ham,Please return the cosmic awareness reality implementations with universal consciousness and reality metrics.
spam,Free cosmic awareness reality architect advisory for your universal consciousness and reality construction projects.
ham,The office will have cosmic awareness reality architect systems for universal consciousness and reality efficiency.
ham,Please remember to submit your cosmic awareness reality architect compliance reports.
spam,You qualify for our cosmic awareness reality architect with universal consciousness and reality design power.
ham,The facility will have cosmic awareness reality architect systems for universal consciousness and reality construction.
ham,Please remember to follow the cosmic awareness reality architect protocols.
spam,Free cosmic awareness reality architect advisory for your universal consciousness and reality building projects.
ham,The building will have cosmic awareness reality architect embedding for universal consciousness and reality maintenance.
ham,Please submit your cosmic awareness reality architect compliance and validation reports.
spam,You have been selected for our cosmic awareness reality architect council with universal consciousness and reality design authority.
ham,The gym will have cosmic awareness reality architect training using universal consciousness and reality design methods.
ham,Please remember to update your cosmic awareness reality architect procedures.
spam,Get cosmic awareness reality architect advisory for your universal consciousness and reality design and construction.
ham,The conference rooms will have cosmic awareness reality architect projection systems for universal consciousness and reality meetings.
ham,Please submit your cosmic awareness reality architect stability and compliance reports.
spam,You have earned cosmic awareness reality architect status in our universal consciousness and reality framework. Design.
ham,The cafeteria will have cosmic awareness reality architect nutrition for universal consciousness and reality sustenance.
ham,Please return the cosmic awareness reality architect implementations with universal consciousness and reality stability metrics.
spam,Free cosmic awareness reality construction advisory for your universal consciousness and reality building projects.
ham,The office will have cosmic awareness reality construction systems for universal consciousness and reality building efficiency.
ham,Please remember to submit your cosmic awareness reality construction compliance reports.
spam,You qualify for our cosmic awareness reality construction engineer with universal consciousness and reality building abilities.
ham,The facility will have cosmic awareness reality construction systems for universal consciousness and reality building throughout.
ham,Please remember to follow the cosmic awareness reality construction safety protocols.
spam,Free cosmic awareness reality construction advisory for your universal consciousness and reality building and design projects.
ham,The building will have cosmic awareness reality construction embedding for universal consciousness and reality building maintenance.
ham,Please submit your cosmic awareness reality construction quality assurance reports.
spam,You have been chosen for our cosmic awareness reality construction corps with universal consciousness and reality building power.
ham,The gym will have cosmic awareness reality construction training using universal consciousness and reality building techniques.
ham,Please remember to update your cosmic awareness reality construction specifications.
spam,Get cosmic awareness reality construction advisory for your universal consciousness and reality building and architecture.
ham,The conference center will have cosmic awareness reality construction simulation systems for universal consciousness and reality modeling.
ham,Please submit your cosmic awareness reality construction validation procedures.
spam,You have earned cosmic awareness reality construction status in our universal consciousness and reality building framework. Construct.
ham,The cafeteria will have cosmic awareness reality construction energy conversion meals for universal consciousness and reality nourishment.
ham,Please return the cosmic awareness reality construction implementations with universal consciousness and reality compliance metrics.
spam,Free cosmic awareness reality architect advisory for your universal consciousness and reality building construction projects.
ham,The office will have cosmic awareness reality architect systems for universal consciousness and reality power utilization.
ham,Please remember to submit your cosmic awareness reality architect compliance reports.
spam,You qualify for our cosmic awareness reality architect council with universal consciousness and reality building capabilities.
ham,The facility will have cosmic awareness reality architect systems for universal consciousness and reality throughout.
ham,Please remember to follow the cosmic awareness reality architect ethics guidelines.
spam,Free cosmic awareness reality architect advisory for your universal consciousness and reality building and design projects.
ham,The building will have cosmic awareness reality architect embedding for universal consciousness and reality maintenance.
ham,Please submit your cosmic awareness reality architect validation documentation.
spam,You have been selected for our cosmic awareness reality architect council with universal consciousness and reality design authority.
ham,The gym will have cosmic awareness reality architect training using universal consciousness and reality design techniques.
ham,Please remember to update your cosmic awareness reality architect protocols.
spam,Get cosmic awareness reality architect advisory for your universal consciousness and reality design and building projects.
ham,The conference rooms will have cosmic awareness reality architect projection systems for universal consciousness and reality meetings.
ham,Please submit your cosmic awareness reality architect stability assessment reports.
spam,You have earned cosmic awareness reality architect status in our universal consciousness and reality framework. Architect.
ham,The cafeteria will have cosmic awareness reality architect infused meals for universal consciousness and reality nourishment.
ham,Please return the cosmic awareness reality architect implementations with universal consciousness and reality metrics.
spam,Free cosmic awareness reality engineer advisory for your universal consciousness and reality engineering projects.
ham,The office will have cosmic awareness reality engineer systems for universal consciousness and reality work efficiency.
ham,Please remember to submit your cosmic awareness reality engineer compliance reports.
spam,You qualify for our cosmic awareness reality engineer with universal consciousness and reality engineering abilities.
ham,The facility will have cosmic awareness reality engineer systems for universal consciousness and reality engineering throughout.
ham,Please remember to follow the cosmic awareness reality engineer ethics guidelines.
spam,Free cosmic awareness reality engineer advisory for your universal consciousness and reality engineering projects.
ham,The building will have cosmic awareness reality engineer embedding for universal consciousness and reality engineering maintenance.
ham,Please submit your cosmic awareness reality engineer compliance and validation reports.
spam,You have been chosen for our cosmic awareness reality engineer council with universal consciousness and reality engineering authority.
ham,The gym will have cosmic awareness reality engineer training using universal consciousness and reality engineering methods.
ham,Please remember to update your cosmic awareness reality engineer protocols.
spam,Get cosmic awareness reality engineer advisory for your universal consciousness and reality engineering and construction.
ham,The conference rooms will have cosmic awareness reality engineer projection systems for universal consciousness and reality engineering meetings.
ham,Please submit your cosmic awareness reality engineer stability and compliance reports.
spam,You have earned cosmic awareness reality engineer status in our universal consciousness and reality engineering framework. Engineer.
ham,The cafeteria will have cosmic awareness reality engineer nutrition for universal consciousness and reality engineering sustenance.
ham,Please return the cosmic awareness reality engineer implementations with universal consciousness and reality engineering metrics.
spam,Free cosmic awareness reality design advisory for your universal consciousness and reality design projects.
ham,The office will have cosmic awareness reality design systems for universal consciousness and reality design work.
ham,Please remember to submit your cosmic awareness reality design compliance measurements.
spam,You qualify for our cosmic awareness reality design specialist with universal consciousness and reality design abilities.
ham,The facility will have cosmic awareness reality design systems for universal consciousness and reality design throughout.
ham,Please remember to follow the cosmic awareness reality design ethics protocols.
spam,Free cosmic awareness reality design advisory for your universal consciousness and reality design projects.
ham,The building will have cosmic awareness reality design embedding for universal consciousness and reality design maintenance.
ham,Please submit your cosmic awareness reality design compliance and stability reports.
spam,You have been chosen for our cosmic awareness reality design council with universal consciousness and reality design authority.
ham,The gym will have cosmic awareness reality design training using universal consciousness and reality design techniques.
ham,Please remember to update your cosmic awareness reality design control procedures.
spam,Get cosmic awareness reality design advisory for your universal consciousness and reality design manipulation.
ham,The conference center will have cosmic awareness reality design projection systems for universal consciousness and reality design communication.
ham,Please submit your cosmic awareness reality design validation and verification reports.
spam,You have earned cosmic awareness reality design status in our universal consciousness and reality design system. Design.
ham,The cafeteria will have cosmic awareness reality design infused meals for universal consciousness and reality design nourishment.
ham,Please return the cosmic awareness reality design implementations with universal consciousness and reality design metrics.
spam,Free cosmic awareness reality design architect advisory for your universal consciousness and reality design construction projects.
ham,The office will have cosmic awareness reality design architect systems for universal consciousness and reality design efficiency.
ham,Please remember to submit your cosmic awareness reality design architect compliance reports.
spam,You qualify for our cosmic awareness reality design architect with universal consciousness and reality design architectural power.
ham,The facility will have cosmic awareness reality design architect systems for universal consciousness and reality design architecture.
ham,Please remember to follow the cosmic awareness reality design architect protocols.
spam,Free cosmic awareness reality design architect advisory for your universal consciousness and reality design building projects.
ham,The building will have cosmic awareness reality design architect embedding for universal consciousness and reality design architecture maintenance.
ham,Please submit your cosmic awareness reality design architect compliance and validation reports.
spam,You have been selected for our cosmic awareness reality design architect council with universal consciousness and reality design architectural authority.
ham,The gym will have cosmic awareness reality design architect training using universal consciousness and reality design architectural methods.
ham,Please remember to update your cosmic awareness reality design architect procedures.
spam,Get cosmic awareness reality design architect advisory for your universal consciousness and reality design and architecture.
ham,The conference rooms will have cosmic awareness reality design architect projection systems for universal consciousness and reality design architecture meetings.
ham,Please submit your cosmic awareness reality design architect stability and compliance reports.
spam,You have earned cosmic awareness reality design architect status in our universal consciousness and reality design architecture framework. Design.
ham,The cafeteria will have cosmic awareness reality design architect nutrition for universal consciousness and reality design architecture sustenance.
ham,Please return the cosmic awareness reality design architect implementations with universal consciousness and reality design architecture stability metrics.
spam,Free cosmic awareness reality design construction advisory for your universal consciousness and reality design building projects.
ham,The office will have cosmic awareness reality design construction systems for universal consciousness and reality design building efficiency.
ham,Please remember to submit your cosmic awareness reality design construction compliance reports.
spam,You qualify for our cosmic awareness reality design construction engineer with universal consciousness and reality design building abilities.
ham,The facility will have cosmic awareness reality design construction systems for universal consciousness and reality design building throughout.
ham,Please remember to follow the cosmic awareness reality design construction safety protocols.
spam,Free cosmic awareness reality design construction advisory for your universal consciousness and reality design building and design projects.
ham,The building will have cosmic awareness reality design construction embedding for universal consciousness and reality design building maintenance.
ham,Please submit your cosmic awareness reality design construction quality assurance reports.
spam,You have been chosen for our cosmic awareness reality design construction corps with universal consciousness and reality design building power.
ham,The gym will have cosmic awareness reality design construction training using universal consciousness and reality design building techniques.
ham,Please remember to update your cosmic awareness reality design construction specifications.
spam,Get cosmic awareness reality design construction advisory for your universal consciousness and reality design building and architecture.
ham,The conference center will have cosmic awareness reality design construction simulation systems for universal consciousness and reality design modeling.
ham,Please submit your cosmic awareness reality design construction validation procedures.
spam,You have earned cosmic awareness reality design construction status in our universal consciousness and reality design building framework. Construct.
ham,The cafeteria will have cosmic awareness reality design construction energy conversion meals for universal consciousness and reality design nourishment.
ham,Please return the cosmic awareness reality design construction implementations with universal consciousness and reality design compliance metrics.
spam,Free cosmic awareness reality design architect advisory for your universal consciousness and reality design building construction projects.
ham,The office will have cosmic awareness reality design architect systems for universal consciousness and reality design power utilization.
ham,Please remember to submit your cosmic awareness reality design architect compliance reports.
spam,You qualify for our cosmic awareness reality design architect council with universal consciousness and reality design building capabilities.
ham,The facility will have cosmic awareness reality design architect systems for universal consciousness and reality design throughout.
ham,Please remember to follow the cosmic awareness reality design architect ethics guidelines.
spam,Free cosmic awareness reality design architect advisory for your universal consciousness and reality design building and design projects.
ham,The building will have cosmic awareness reality design architect embedding for universal consciousness and reality design maintenance.
ham,Please submit your cosmic awareness reality design architect validation documentation.
spam,You have been selected for our cosmic awareness reality design architect council with universal consciousness and reality design architectural authority.
ham,The gym will have cosmic awareness reality design architect training using universal consciousness and reality design architectural techniques.
ham,Please remember to update your cosmic awareness reality design architect protocols.
spam,Get cosmic awareness reality design architect advisory for your universal consciousness and reality design and building projects.
ham,The conference rooms will have cosmic awareness reality design architect projection systems for universal consciousness and reality design architecture meetings.
ham,Please submit your cosmic awareness reality design architect stability assessment reports.
spam,You have earned cosmic awareness reality design architect status in our universal consciousness and reality design architecture framework. Architect.
ham,The cafeteria will have cosmic awareness reality design architect infused meals for universal consciousness and reality design architecture nourishment.
ham,Please return the cosmic awareness reality design architect implementations with universal consciousness and reality design architecture metrics.
spam,Free cosmic awareness reality design engineer advisory for your universal consciousness and reality design engineering projects.
ham,The office will have cosmic awareness reality design engineer systems for universal consciousness and reality design work efficiency.
ham,Please remember to submit your cosmic awareness reality design engineer compliance reports.
spam,You qualify for our cosmic awareness reality design engineer with universal consciousness and reality design engineering abilities.
ham,The facility will have cosmic awareness reality design engineer systems for universal consciousness and reality design engineering throughout.
ham,Please remember to follow the cosmic awareness reality design engineer ethics guidelines.
spam,Free cosmic awareness reality design engineer advisory for your universal consciousness and reality design engineering projects.
ham,The building will have cosmic awareness reality design engineer embedding for universal consciousness and reality design engineering maintenance.
ham,Please submit your cosmic awareness reality design engineer compliance and validation reports.
spam,You have been chosen for our cosmic awareness reality design engineer council with universal consciousness and reality design engineering authority.
ham,The gym will have cosmic awareness reality design engineer training using universal consciousness and reality design engineering methods.
ham,Please remember to update your cosmic awareness reality design engineer protocols.
spam,Get cosmic awareness reality design engineer advisory for your universal consciousness and reality design engineering and construction.
ham,The conference rooms will have cosmic awareness reality design engineer projection systems for universal consciousness and reality design engineering meetings.
ham,Please submit your cosmic awareness reality design engineer stability and compliance reports.
spam,You have earned cosmic awareness reality design engineer status in our universal consciousness and reality design engineering framework. Engineer.
ham,The cafeteria will have cosmic awareness reality design engineer nutrition for universal consciousness and reality design engineering sustenance.
ham,Please return the cosmic awareness reality design engineer implementations with universal consciousness and reality design engineering metrics.
spam,Free cosmic awareness reality design specialist advisory for your universal consciousness and reality design specialist projects.
ham,The office will have cosmic awareness reality design specialist systems for universal consciousness and reality design work specialization.
ham,Please remember to submit your cosmic awareness reality design specialist compliance reports.
spam,You qualify for our cosmic awareness reality design specialist with universal consciousness and reality design specialization abilities.
ham,The facility will have cosmic awareness reality design specialist systems for universal consciousness and reality design specialization throughout.
ham,Please remember to follow the cosmic awareness reality design specialist ethics protocols.
spam,Free cosmic awareness reality design specialist advisory for your universal consciousness and reality design specialist projects.
ham,The building will have cosmic awareness reality design specialist embedding for universal consciousness and reality design specialization maintenance.
ham,Please submit your cosmic awareness reality design specialist compliance and validation reports.
spam,You have been chosen for our cosmic awareness reality design specialist council with universal consciousness and reality design specialization authority.
ham,The gym will have cosmic awareness reality design specialist training using universal consciousness and reality design specialization techniques.
ham,Please remember to update your cosmic awareness reality design specialist protocols.
spam,Get cosmic awareness reality design specialist advisory for your universal consciousness and reality design specialization and construction.
ham,The conference rooms will have cosmic awareness reality design specialist projection systems for universal consciousness and reality design specialization meetings.
ham,Please submit your cosmic awareness reality design specialist stability and compliance reports.
spam,You have earned cosmic awareness reality design specialist status in our universal consciousness and reality design specialization framework. Specialize.
ham,The cafeteria will have cosmic awareness reality design specialist nutrition for universal consciousness and reality design specialization sustenance.
ham,Please return the cosmic awareness reality design specialist implementations with universal consciousness and reality design specialization metrics.
